line_id,bus_cost_per_km
1,7.158948707
2,3.424000008
3,1.414111432
4,5.659771674
5,8.454682637
6,3.177561073
7,3.775982779
8,8.476787342
9,6.764022645
10,0.608684765