line_id,driver_cost_per_hr
1,7.25534698
2,0.396874932
3,5.582751583
4,10.15811534
5,8.239126123
6,11.97823609
7,7.898952736
8,8.74074805
9,1.45593449
10,7.698439109